Test Subject Nr; Total Elapsed Time; Shot Nr; Head Tracking; TimeTaken; Head Movement Average; Precision Total; Precision X; Precision Y; Distance; Hit; Player Floor; Ghost Floor
3;13.99101;1;False;13.99101;17.40627;0.2883113;0.2274597;0.1129744;7.256678;False;0;2
3;18.60331;2;False;4.612291;16.83352;0.9303395;0.9425719;0.9853474;17.03415;False;0;1
3;24.05428;3;False;5.450974;16.2358;0.9912175;0.9774739;0.9929099;6.622041;False;0;2
3;28.6872;4;False;4.632917;15.732;0.9820285;0.984701;0.9969345;13.63653;False;0;1
3;33.67864;5;False;4.991446;15.18668;0.5970665;0.8089249;0.6547539;6.519264;False;0;2
3;78.54414;6;False;44.8655;15.01188;0.9999937;0.9999944;0.9999992;4.438048;True;0;0
3;98.5339;7;False;19.98975;14.07914;0.7483824;0.8413603;0.8555355;13.18358;False;0;2
