Test Subject Nr, Total Elapsed Time, Shot Nr, TimeTaken, Precision Total, Precision X, Precision Y, Distance, Hit, Player Floor Shot, Ghost Floor Shot
8,0.4783888,1,0.4783888,0.9926561,0.9927062,0.9998188,15.66168,False,1,1,
8,1.207793,2,0.7294047,0.9926561,0.9927062,0.9998188,15.66168,False,1,1,
8,1.533168,3,0.3253746,0.9926561,0.9927062,0.9998188,15.66168,False,1,1,
8,1.775457,4,0.2422886,0.9926561,0.9927062,0.9998188,15.66168,False,1,1,
8,1.957323,5,0.1818662,0.9926561,0.9927062,0.9998188,15.66168,False,1,1,
8,2.133645,6,0.1763225,0.9926561,0.9927062,0.9998188,15.66168,False,1,1,
8,8.926927,7,6.793281,0.3295544,0.337543,0.009613335,12.01289,False,1,1,
