Test Subject Nr, Total Elapsed Time, Shot Nr, TimeTaken, Precision Total, Precision X, Precision Y, Distance, Hit, Player Floor Shot, Ghost Floor Shot
9,5.992959,1,5.992959,0.2718719,0.7866212,0.2505261,5.276579,False,1,1
9,15.92766,2,9.9347,0.01806727,7.18236E-06,0.01806048,2.192578,False,1,1
9,24.28582,3,8.358159,0.9009756,0.915861,0.9745181,15.14853,False,1,1
9,31.22093,4,6.935112,0.4834333,0.500322,0.480087,11.43038,False,1,1
9,38.95496,5,7.734034,0.2421211,0.1513844,0.1353515,5.260738,False,1,1
9,56.7379,6,17.78294,0.7591873,0.9467746,0.7677166,15.71256,False,1,1
