Test Subject Nr; Total Elapsed Time; Shot Nr; TimeTaken; Precision Total; Precision X; Precision Y; Distance; Hit; Player Floor; Ghost Floor
3;2.592167;1;2.592167;0.71864;0.8261979;0.8350781;4.549286;False;1;0
3;62.28869;2;59.69652;0.992049;0.9990679;0.9929646;2.566643;True;2;2
3;129.5615;3;67.27285;0.9620929;0.9933696;0.9682819;1.282713;True;0;0
3;151.4974;4;21.9359;0.9983723;0.9998692;0.9985025;3.299006;True;1;1
3;184.1619;5;32.66451;0.9902263;0.9966523;0.9934927;3.18321;False;2;2
3;207.6575;6;23.49556;0.9838803;0.9999936;0.9838864;2.179346;False;1;1
3;246.0154;7;38.35791;0.9400014;0.9998109;0.9401671;1.978069;False;2;2
