Test Subject Nr; Total Elapsed Time; Shot Nr; Head Tracking; TimeTaken; Head Movement Average; Precision Total; Precision X; Precision Y; Distance; Hit; Player Floor; Ghost Floor
3;9.605045;1;False;9.605045;25.73105;0.9998589;0.9998657;0.9999928;5.205425;True;1;1
3;46.04457;2;False;36.43953;145.616;0.4791153;0.4780407;0.1488018;2.498224;False;2;2
3;59.19835;3;False;13.15378;126.9676;0.5264037;0.9978382;0.5264049;2.500025;False;2;2
3;81.02901;4;False;21.83066;110.3704;0.5178096;0.9999658;0.5178096;3.022811;False;1;1
3;96.09347;5;False;15.06446;98.819;0.4627567;0.4563843;0.1973953;2.690296;False;2;2
3;112.5078;6;False;16.41434;90.45918;0.396993;0.3879802;0.09889209;3.599384;False;1;1
3;125.5356;7;False;13.02778;85.193;0.702003;0.9987028;0.7020087;2.152763;False;0;0
