Test Subject Nr; Total Elapsed Time; Shot Nr; Head Tracking; TimeTaken; Precision Total; Precision X; Precision Y; Distance; Hit; Player Floor; Ghost Floor
54;20.45548;1;False;20.45548;0.984168;0.9933635;0.9906805;2.672671;False;1;1
54;53.00978;2;False;32.5543;0.999951;0.9999512;0.9999993;2.211989;True;0;0
54;76.78006;3;False;23.77028;0.9921521;0.9996569;0.9924876;3.129268;False;1;1
54;97.59301;4;False;20.81295;0.9926757;0.9933167;0.9992827;3.477194;False;2;2
54;107.5801;5;False;9.987083;0.9995393;0.9996399;0.9998978;2.330874;True;2;2
