Test Subject Nr; Total Elapsed Time; Shot Nr; Head Tracking; TimeTaken; Head Movement Average; Precision Total; Precision X; Precision Y; Distance; Hit; Player Floor; Ghost Floor
2;14.62484;1;False;14.62484;25.64529;0.908192;0.9470103;0.9542794;12.74692;False;1;2
2;18.9331;2;False;4.30826;24.34694;0.1039158;0.09595233;0.01889801;7.925882;False;1;1
2;22.90467;3;False;3.971575;23.32333;0.07199332;0.07799941;0.0003088713;11.55245;False;1;2
2;26.41755;4;False;3.512877;22.4688;0.02958304;0.03034821;0.005264789;7.460372;False;1;2
2;29.59363;5;False;3.176083;21.76927;0.7893384;0.8533208;0.8789999;17.34585;False;1;2
2;33.35079;6;False;3.757156;20.94068;0.4739781;0.5596606;0.4384256;7.911131;False;1;2
2;37.46546;7;False;4.11467;20.11776;0.5122181;0.5854288;0.5279524;8.20038;False;1;2
