Test Subject Nr, Total Elapsed Time, Shot Nr, TimeTaken, Precision Total, Precision X, Precision Y, Distance, Hit/Miss, Player Floor Shot, Ghost Floor Shot
5,1.91386,1,1.91386,0.9334414,0.9510015,0.9791908,9.633579,False,1,1,
5,3.839662,2,1.925803,0.407181,0.4193923,0.001121163,9.633579,False,1,1,
5,6.577978,3,2.738316,0.4500632,0.4566093,0.3878471,15.19038,False,1,1,
5,8.985284,4,2.407306,0.8897302,0.8946788,0.9937195,8.551754,False,1,1,
5,10.9275,5,1.942211,0.7121713,0.7201695,0.7726898,8.551754,False,1,1,
5,12.98204,6,2.054547,0.9916844,0.9999226,0.9917605,14.6287,False,1,1,
5,15.15083,7,2.168791,0.649819,0.6843489,0.8667955,8.721806,False,1,1,
