Test Subject Nr, Total Elapsed Time, Shot Nr, TimeTaken, Precision Total, Precision X, Precision Y, Distance, Hit, Player Floor Shot, Ghost Floor Shot
6,4.986562,1,4.986562,0.9738634,0.9803689,0.9927371,12.63252,False,1,1,
6,10.91805,2,5.931484,0.9316736,0.9302458,0.9988184,13.83826,False,1,1,
6,15.43144,3,4.513392,0.954768,0.993736,0.960529,13.09888,False,1,1,
