Test Subject Nr, Total Elapsed Time, Shot Nr, TimeTaken, Precision Total, Precision X, Precision Y, Distance, Hit, Player Floor Shot, Ghost Floor Shot
7,2.140834,1,2.140834,0.495746,0.5174403,0.4852953,12.63618,False,1,1,
7,3.264435,2,1.123601,0.6177376,0.6419987,0.8157189,12.63618,False,1,1,
7,3.784811,3,0.5203762,0.6169362,0.6411617,0.8145756,12.63618,False,1,1,
7,4.323624,4,0.5388122,0.8849839,0.8816468,0.9934139,8.334931,False,1,1,
7,4.718853,5,0.3952289,0.8847336,0.8816468,0.9932356,8.334931,False,1,1,
7,5.109093,6,0.3902407,0.884251,0.8810824,0.9932723,8.334931,False,1,1,
7,7.525356,7,2.416263,0.976053,0.9760857,0.9982499,6.438072,False,1,1,
