Test Subject Nr, Total Elapsed Time, Shot Nr, TimeTaken, Precision Total, Precision X, Precision Y, Distance, Hit, Player Floor Shot, Ghost Floor Shot
9,3.538286,1,3.538286,0.7028956,0.7227488,0.9357487,14.78891,False,1,1
9,6.803896,2,3.26561,0.2394225,0.215483,0.06294996,9.014136,False,1,1
9,10.809,3,4.005101,0.6309769,0.6728528,0.7795202,11.12367,False,1,1
9,15.75109,4,4.942089,0.9884692,0.9873191,0.9997995,15.33961,False,1,1
9,20.9823,5,5.231209,0.868861,0.8587062,0.9913591,7.811912,False,1,1
9,21.00772,6,0.02541924,0.868861,0.8587062,0.9913591,7.811912,False,1,1
