Test Subject Nr; Total Elapsed Time; Shot Nr; TimeTaken; Precision Total; Precision X; Precision Y; Distance; Hit; Player Floor; Ghost Floor
4;86.88377;1;86.88377;0.99034;0.9977289;0.9925771;2.261066;True;2;2
4;127.3481;2;40.46436;0.9960393;0.9992492;0.9967834;5.378057;False;0;0
4;173.4034;3;46.05522;0.9994235;0.9999998;0.9994237;2.72123;True;2;2
4;214.1873;4;40.78398;0.9984572;0.9986358;0.9998207;3.578323;True;0;0
