Test Subject Nr; Total Elapsed Time; Shot Nr; Head Tracking; TimeTaken; Precision Total; Precision X; Precision Y; Distance; Hit; Player Floor; Ghost Floor
30;4.741961;1;True;4.741961;0.9994941;0.9985393;0.9998854;2.414944;False;1;2
30;17.13956;2;False;12.3976;0.879923;0.901502;0.9723268;11.46466;False;1;2
30;19.2588;3;False;2.119234;0.9212945;0.9548202;0.9625072;10.00972;False;1;2
30;23.04827;4;False;3.789467;0.4756144;0.6708696;0.4481386;3.475338;False;1;0
30;26.41946;5;False;3.371193;0.3429556;0.3352518;0.1736086;16.24104;False;1;1
